{
  "id": "4867978",
  "name": "niucloud",
  "font_family": "recycle",
  "css_prefix_text": "recycle-",
  "description": "",
  "glyphs": [
    {
      "icon_id": "88229",
      "name": "我的-选中",
      "font_class": "wodexuanzhong",
      "unicode": "e600",
      "unicode_decimal": 58880
    },
    {
      "icon_id": "200968",
      "name": "3.1店铺",
      "font_class": "31dianpu",
      "unicode": "e601",
      "unicode_decimal": 58881
    },
    {
      "icon_id": "201228",
      "name": "3.1我的",
      "font_class": "31wode",
      "unicode": "e602",
      "unicode_decimal": 58882
    },
    {
      "icon_id": "201578",
      "name": "3.1订单",
      "font_class": "31dingdan",
      "unicode": "e603",
      "unicode_decimal": 58883
    },
    {
      "icon_id": "202929",
      "name": "service-按时发货",
      "font_class": "serviceanshifahuo",
      "unicode": "e604",
      "unicode_decimal": 58884
    },
    {
      "icon_id": "202946",
      "name": "service-闪电发货",
      "font_class": "serviceshandianfahuo",
      "unicode": "e605",
      "unicode_decimal": 58885
    },
    {
      "icon_id": "430051",
      "name": "回购购进回收",
      "font_class": "huigou001",
      "unicode": "e620",
      "unicode_decimal": 58912
    },
    {
      "icon_id": "954028",
      "name": "开店",
      "font_class": "kaidian",
      "unicode": "e61c",
      "unicode_decimal": 58908
    },
    {
      "icon_id": "1284680",
      "name": "退货单",
      "font_class": "tuihuodan",
      "unicode": "e639",
      "unicode_decimal": 58937
    },
    {
      "icon_id": "2076282",
      "name": " 订单",
      "font_class": "dingdan",
      "unicode": "e897",
      "unicode_decimal": 59543
    },
    {
      "icon_id": "4111833",
      "name": "打印机",
      "font_class": "printer",
      "unicode": "e617",
      "unicode_decimal": 58903
    },
    {
      "icon_id": "4733696",
      "name": "分类",
      "font_class": "fenlei",
      "unicode": "e618",
      "unicode_decimal": 58904
    },
    {
      "icon_id": "23237928",
      "name": "meituanwaimai-01",
      "font_class": "meituanwaimai-01",
      "unicode": "e606",
      "unicode_decimal": 58886
    },
    {
      "icon_id": "36403818",
      "name": "霸王餐",
      "font_class": "bawangcan",
      "unicode": "10121",
      "unicode_decimal": 65825
    },
    {
      "icon_id": "42504476",
      "name": "京东",
      "font_class": "jingdong",
      "unicode": "e626",
      "unicode_decimal": 58918
    },
    {
      "icon_id": "11372639",
      "name": "爱心",
      "font_class": "aixin",
      "unicode": "e8ab",
      "unicode_decimal": 59563
    },
    {
      "icon_id": "11372640",
      "name": "编辑",
      "font_class": "bianji",
      "unicode": "e8ac",
      "unicode_decimal": 59564
    },
    {
      "icon_id": "11372641",
      "name": "3D眼镜",
      "font_class": "Dyanjing",
      "unicode": "e8ad",
      "unicode_decimal": 59565
    },
    {
      "icon_id": "11372642",
      "name": "彩蛋",
      "font_class": "caidan",
      "unicode": "e8ae",
      "unicode_decimal": 59566
    },
    {
      "icon_id": "11372643",
      "name": "安全",
      "font_class": "anquan",
      "unicode": "e8af",
      "unicode_decimal": 59567
    },
    {
      "icon_id": "11372644",
      "name": "帮助",
      "font_class": "bangzhu",
      "unicode": "e8b0",
      "unicode_decimal": 59568
    },
    {
      "icon_id": "11372645",
      "name": "不感兴趣",
      "font_class": "buganxingqu",
      "unicode": "e8b1",
      "unicode_decimal": 59569
    },
    {
      "icon_id": "11372646",
      "name": "播放记录",
      "font_class": "bofangjilu",
      "unicode": "e8b2",
      "unicode_decimal": 59570
    },
    {
      "icon_id": "11372647",
      "name": "创作",
      "font_class": "chuangzuo",
      "unicode": "e8b3",
      "unicode_decimal": 59571
    },
    {
      "icon_id": "33986997",
      "name": "喜欢",
      "font_class": "xihuan",
      "unicode": "e61d",
      "unicode_decimal": 58909
    },
    {
      "icon_id": "33986998",
      "name": "更多",
      "font_class": "gengduo",
      "unicode": "e61e",
      "unicode_decimal": 58910
    }
  ]
}
